product_id,car_year,car_make,car_model,product_name,product_price,product_subtitle,product_desc
4f95l4lj4b3c,1997,Ford,Econoline E150,1997 Ford Econoline E150,3800,Cross-platform upward-trending open system,In hac habitasse platea dictumst. Etiam faucibus cursus urna. Ut tellus.
2w11s5hc7m7v,2003,Ford,E-Series,2003 Ford E-Series,4750,Programmable multimedia success,Integer ac leo. Pellentesque ultrices mattis odio. Donec vitae nisi.
9x75m1lz2f9o,2010,Cadillac,Escalade,2010 Cadillac Escalade,14000,Programmable zero administration infrastructure,"Sed sagittis. Nam congue, risus semper porta volutpat, quam pede lobortis ligula, sit amet eleifend pede libero quis orci. Nullam molestie nibh in lectus. Pellentesque at nulla. Suspendisse potenti."
1p59h1ft0x4h,1997,Ford,Aspire,1997 Ford Aspire,2000,Intuitive web-enabled Graphic Interface,"Quisque id justo sit amet sapien dignissim vestibulum. Vestibulum ante ipsum primis in faucibus orci luctus et ultrices posuere cubilia Curae; Nulla dapibus dolor vel est. Donec odio justo, sollicitudin ut, suscipit a, feugiat et, eros."
1j27p5sc9e4o,1992,GMC,Suburban 1500,1992 GMC Suburban 1500,2500,User-centric tertiary local area network,"Fusce consequat. Nulla nisl. Nunc nisl. Duis bibendum, felis sed interdum venenatis, turpis enim blandit mi, in porttitor pede justo eu massa. Donec dapibus. Duis at velit eu est congue elementum. In hac habitasse platea dictumst."
3g80z2af4o2e,2013,GMC,Yukon XL 2500,2013 GMC Yukon XL 2500,24000,Streamlined tertiary array,"Proin interdum mauris non ligula pellentesque ultrices. Phasellus id sapien in sapien iaculis congue. Vivamus metus arcu, adipiscing molestie, hendrerit at, vulputate vitae, nisl. Aenean lectus. Pellentesque eget nunc."
7q31j0mm8f8d,1987,Porsche,924 S,1987 Porsche 924 S,10000,Front-line reciprocal projection,"Quisque porta volutpat erat. Quisque erat eros, viverra eget, congue eget, semper rutrum, nulla. Nunc purus."
0p37n6aj5z9q,2000,Nissan,Frontier,2000 Nissan Frontier,4500,Upgradable systemic encoding,"Nulla ut erat id mauris vulputate elementum. Nullam varius. Nulla facilisi. Cras non velit nec nisi vulputate nonummy. Maecenas tincidunt lacus at velit. Vivamus vel nulla eget eros elementum pellentesque."
4d23e9yu3m7n,2011,Jaguar,XK,2011 Jaguar XK,26500,Front-line fault-tolerant conglomeration,Aliquam quis turpis eget elit sodales scelerisque. Mauris sit amet eros. Suspendisse accumsan tortor quis turpis.
4f41m6ve2f0m,2009,Mazda,Mazdaspeed 3,2009 Mazda Mazdaspeed 3,8500,Organized radical complexity,"Sed sagittis. Nam congue, risus semper porta volutpat, quam pede lobortis ligula, sit amet eleifend pede libero quis orci. Nullam molestie nibh in lectus. Pellentesque at nulla. Suspendisse potenti. Cras in purus eu magna vulputate luctus."
7y65x1xq4n8s,1996,Ford,F250,1996 Ford F250,5000,Assimilated cohesive concept,"Sed ante. Vivamus tortor. Duis mattis egestas metus. Aenean fermentum. Donec ut mauris eget massa tempor convallis. Nulla neque libero, convallis eget, eleifend luctus, ultricies eu, nibh. Quisque id justo sit amet sapien dignissim vestibulum."
1w15n3vl6t3m,2000,Ford,Escape,2000 Ford Escape,3000,Open-source didactic architecture,"Donec diam neque, vestibulum eget, vulputate ut, ultrices vel, augue. Vestibulum ante ipsum primis in faucibus orci luctus et ultrices posuere cubilia Curae."
1k37x3gu7l0u,2002,Cadillac,Escalade,2002 Cadillac Escalade,7000,Mandatory contextually-based flexibility,"In hac habitasse platea dictumst. Morbi vestibulum, velit id pretium iaculis, diam erat fermentum justo, nec condimentum neque sapien placerat ante. Nulla justo. Aliquam quis turpis eget elit sodales scelerisque. Mauris sit amet eros."
1y86l3gq5m1s,2009,Porsche,911,2009 Porsche 911,60000,Seamless multimedia orchestration,"Vestibulum ac est lacinia nisi venenatis tristique. Fusce congue, diam id ornare imperdiet, sapien urna pretium nisl, ut volutpat sapien arcu sed augue. Aliquam erat volutpat. In congue. Etiam justo. Etiam pretium iaculis justo."
1p83o9vr4s4q,1972,Pontiac,Grand Prix,1972 Pontiac Grand Prix,25000,Seamless disintermediate solution,Pellentesque at nulla. Suspendisse potenti. Cras in purus eu magna vulputate luctus.
2r96u3vx4i6k,1990,Lamborghini,Countach,1990 Lamborghini Countach,350000,Networked well-modulated installation,"Curabitur at ipsum ac tellus semper interdum. Mauris ullamcorper purus sit amet nulla. Quisque arcu libero, rutrum ac, lobortis vel, dapibus at, diam."
0r99q6ze1m0o,2011,Lexus,IS-F,2011 Lexus IS-F,29000,Open-architected zero tolerance projection,"Lorem ipsum dolor sit amet, consectetuer adipiscing elit. Proin risus. Praesent lectus. Vestibulum quam sapien, varius ut, blandit non, interdum in, ante."
4e71t4jo0d9p,1994,Acura,NSX,1994 Acura NSX,70000,Business-focused 4th generation encoding,"Curabitur gravida nisi at nibh. In hac habitasse platea dictumst. Aliquam augue quam, sollicitudin vitae, consectetuer eget, rutrum at, lorem."
9t30a0bj8m9r,2003,Toyota,Matrix,2003 Toyota Matrix,4500,Extended logistical service-desk,"Curabitur at ipsum ac tellus semper interdum. Mauris ullamcorper purus sit amet nulla. Quisque arcu libero, rutrum ac, lobortis vel, dapibus at, diam."
5b82c9ep2j4b,1995,Suzuki,Samurai,1995 Suzuki Samurai,1000000,Organic web-enabled archive,"Proin eu mi. Nulla ac enim. In tempor, turpis nec euismod scelerisque, quam turpis adipiscing lorem, vitae mattis nibh ligula nec sem. Duis aliquam convallis nunc. Proin at turpis a pede posuere nonummy. Integer non velit."
2h28m5oc4s9l,2000,GMC,Yukon XL 2500,2000 GMC Yukon XL 2500,5000,Extended national collaboration,Integer tincidunt ante vel ipsum. Praesent blandit lacinia erat. Vestibulum sed magna at nunc commodo placerat.
1h43s6cw5r9a,1994,Mitsubishi,Pajero,1994 Mitsubishi Pajero,2500,Diverse foreground collaboration,Nulla ut erat id mauris vulputate elementum. Nullam varius. Nulla facilisi.
1y93f7tj3w0z,2006,Honda,CR-V,2006 Honda CR-V,6500,Phased didactic extranet,"Proin leo odio, porttitor id, consequat in, consequat ut, nulla. Sed accumsan felis. Ut at dolor quis odio consequat varius. Integer ac leo. Pellentesque ultrices mattis odio. Donec vitae nisi."
5k70t1yx5v9s,1999,Lamborghini,Diablo,1999 Lamborghini Diablo,400000,Multi-channelled hybrid support,"Nullam porttitor lacus at turpis. Donec posuere metus vitae ipsum. Aliquam non mauris. Morbi non lectus. Aliquam sit amet diam in magna bibendum imperdiet. Nullam orci pede, venenatis non, sodales sed, tincidunt eu, felis."
4h97z4fh3w1x,1997,Pontiac,Trans Sport,1997 Pontiac Trans Sport,2000,Virtual clear-thinking emulation,"Proin eu mi. Nulla ac enim. In tempor, turpis nec euismod scelerisque, quam turpis adipiscing lorem, vitae mattis nibh ligula nec sem. Duis aliquam convallis nunc. Proin at turpis a pede posuere nonummy. Integer non velit."
